from,to,weight
0,50,10
0,1,10
1,50,10
3,54,5
3,33,10
3,50,5
3,30,10
10,3,10
4,30,5
4,3,5
4,2,5
4,23,5
4,0,5
5,71,10
5,69,10
5,95,10
5,92,10
5,70,10
5,91,10
5,59,10
5,60,5
5,68,10
5,89,5
5,88,10
5,74,10
5,77,5
5,78,5
5,75,10
5,85,10
5,80,10
5,16,5
5,87,10
5,82,10
5,72,10
5,86,10
5,73,10
5,83,10
5,37,5
5,66,5
5,84,10
5,79,10
5,81,10
5,58,10
5,57,5
5,62,5
5,3,5
5,44,5
5,26,5
5,20,5
5,6,5
26,6,10
6,2,5
10,6,10
6,50,5
6,66,5
6,20,5
6,23,5
6,0,5
36,6,10
6,19,5
31,6,10
6,30,5
25,6,10
6,3,5
7,48,5
7,3,5
7,2,5
7,6,5
7,23,5
8,1,5
8,54,5
8,13,5
27,8,10
8,14,5
8,2,5
8,9,10
9,44,5
34,9,10
10,1,5
10,54,5
10,19,5
10,4,5
10,20,5
10,48,5
10,42,5
10,31,10
10,26,10
10,37,10
10,36,10
10,35,5
10,2,5
10,25,10
10,23,5
10,30,5
12,24,5
12,14,5
14,1,5
14,50,5
15,40,5
15,51,5
15,13,5
15,28,10
15,39,10
16,97,10
16,65,10
16,30,5
16,54,5
16,76,10
16,51,5
16,62,10
16,66,10
16,19,5
16,60,5
16,2,5
16,0,5
16,23,5
17,23,5
17,50,5
20,30,10
21,48,5
21,3,5
21,2,5
21,23,5
22,41,10
22,18,5
25,2,5
25,48,5
25,30,5
25,23,5
25,37,10
25,36,10
25,26,10
25,31,10
25,3,5
26,65,10
26,16,5
26,31,10
26,95,10
26,44,10
26,77,10
26,57,5
27,55,10
27,97,10
27,9,5
27,30,5
27,3,5
27,4,5
27,21,5
28,39,10
28,40,10
29,53,10
29,56,10
29,54,5
30,1,5
30,54,5
30,0,5
31,54,5
31,50,5
31,37,10
31,35,10
31,30,5
31,4,5
31,48,5
31,33,5
31,23,5
31,36,10
31,19,5
31,9,5
31,20,5
31,0,5
31,3,5
31,2,5
32,51,5
32,1,5
32,50,5
32,0,5
33,54,5
33,48,5
33,23,5
33,2,5
33,30,5
34,1,5
34,57,5
34,44,5
34,0,5
34,8,5
34,30,5
37,66,10
37,48,5
37,2,5
37,23,5
37,51,5
37,4,5
37,26,5
37,6,5
38,1,5
38,0,5
38,4,5
38,35,5
38,3,5
38,49,5
39,50,5
39,0,5
39,40,5
40,13,5
41,20,5
41,51,5
41,23,5
41,48,5
41,10,5
41,31,5
41,42,10
41,18,5
41,4,5
41,19,5
41,43,5
41,50,5
41,3,5
42,3,5
42,48,5
42,30,5
42,2,5
42,23,5
42,6,5
42,4,5
44,95,10
44,77,10
44,57,10
45,63,10
46,64,5
46,47,10
46,4,5
46,10,5
46,3,5
46,61,10
46,96,10
46,94,10
46,72,10
46,75,5
46,83,10
46,26,5
46,77,5
46,23,5
46,2,5
47,54,5
47,96,10
47,72,5
47,64,5
47,61,5
47,4,5
47,94,10
47,75,5
47,6,5
47,25,5
47,31,5
47,26,5
47,36,5
47,0,5
47,30,5
47,23,5
47,2,5
47,3,5
47,83,5
48,54,10
48,2,5
48,23,5
48,30,5
49,48,5
49,1,5
49,0,5
52,28,5
52,23,5
52,48,5
52,2,5
52,3,5
52,20,5
52,32,5
53,56,10
55,21,5
55,23,5
55,20,5
55,3,5
56,9,5
56,54,5
56,27,5
57,95,10
57,77,5
58,96,10
58,92,10
58,95,10
58,93,5
58,71,5
58,59,5
58,91,10
58,70,10
58,69,10
58,74,10
58,89,5
58,88,10
58,83,10
58,87,10
58,68,10
58,80,10
58,81,5
58,73,10
58,85,10
58,86,10
58,75,5
58,82,10
58,72,10
58,84,10
58,78,5
58,79,5
58,33,5
58,77,5
58,10,5
58,23,5
58,57,5
58,62,5
58,6,5
58,44,5
58,26,5
58,2,5
58,3,5
59,88,10
59,54,5
59,68,10
59,95,10
59,76,10
59,73,10
59,89,5
59,84,10
59,75,10
59,86,5
59,72,10
59,74,10
59,83,10
59,78,10
59,31,5
59,16,5
59,60,10
59,6,5
59,2,5
59,3,5
59,26,5
59,23,5
59,44,5
60,83,10
60,61,10
61,4,5
61,67,10
61,1,5
61,54,5
61,2,5
61,68,10
61,96,10
61,48,5
61,31,5
61,10,5
61,6,5
61,36,5
61,72,10
61,94,10
61,75,10
61,3,5
61,26,5
61,86,5
61,82,10
61,83,10
61,0,5
61,30,5
61,23,5
61,20,5
62,60,5
62,83,10
62,66,10
62,6,5
62,44,5
62,26,5
62,57,5
62,3,5
62,23,5
62,2,5
65,59,5
65,74,5
65,69,5
65,86,5
65,93,5
65,44,5
65,57,5
65,10,5
65,25,5
65,31,5
65,95,5
65,77,5
66,77,5
66,58,5
66,79,5
66,42,5
66,31,5
66,26,5
67,72,10
67,83,10
67,96,10
67,75,10
67,84,10
67,30,5
67,0,5
67,23,5
67,2,5
67,3,5
68,54,5
68,1,5
68,9,5
68,78,5
68,81,5
68,88,10
68,97,5
68,46,5
68,82,10
68,92,10
68,76,10
68,30,5
68,96,10
68,75,10
68,26,5
68,95,10
68,23,5
68,72,10
68,85,10
68,33,5
68,93,5
68,87,10
68,89,5
68,91,10
68,73,10
68,86,10
68,77,5
68,83,10
68,84,10
68,80,10
68,69,10
68,70,10
68,79,10
68,74,10
68,3,5
68,2,5
69,25,5
69,92,10
69,77,5
69,93,10
69,87,10
69,90,5
69,74,5
69,82,10
69,89,5
69,84,10
69,16,5
69,73,10
69,81,5
69,80,10
69,72,10
69,79,10
69,86,10
69,26,5
69,30,5
69,3,5
69,2,5
69,6,5
69,48,5
69,23,5
70,26,5
70,86,5
70,79,5
70,73,10
70,83,10
70,81,10
70,72,10
70,84,10
70,75,5
70,87,10
70,82,10
70,78,5
70,69,5
70,74,5
70,80,10
70,89,5
70,88,10
70,23,5
70,3,5
70,2,5
71,75,10
71,88,10
71,74,5
71,72,10
71,96,10
71,82,5
71,0,5
71,73,10
71,83,10
71,79,10
71,84,10
71,81,10
71,87,10
71,26,5
71,48,5
71,6,5
71,23,5
71,3,5
72,30,5
72,60,5
72,1,5
72,54,5
72,48,5
72,33,5
72,92,10
72,76,10
72,96,10
72,95,5
72,93,5
72,94,10
72,91,10
72,89,5
72,88,10
72,74,10
72,62,5
72,87,10
72,83,10
72,77,5
72,57,5
72,6,5
72,37,5
72,79,10
72,44,5
72,84,10
72,85,10
72,81,10
72,73,10
72,80,10
72,82,10
72,75,10
72,78,10
72,86,10
72,16,5
72,66,5
72,26,5
72,3,5
72,2,5
72,23,5
73,92,10
73,95,10
73,96,10
73,94,10
73,91,10
73,89,5
73,88,10
73,62,5
73,57,5
73,44,5
73,33,5
73,75,10
73,83,10
73,36,5
73,87,10
73,77,5
73,85,10
73,25,5
73,26,5
73,16,5
73,86,10
73,78,10
73,80,10
73,82,10
73,84,10
73,81,10
73,79,10
73,66,5
73,74,10
73,30,5
73,20,5
73,19,5
73,23,5
73,3,5
73,0,5
73,6,5
73,10,5
73,2,5
73,31,5
74,93,10
74,95,10
74,89,5
74,88,10
74,82,10
74,26,5
74,16,5
74,85,10
74,86,10
74,84,10
74,62,5
74,77,5
74,44,5
74,57,5
74,78,5
74,75,5
74,81,5
74,83,10
74,79,5
74,6,5
75,94,10
75,96,10
75,88,10
75,26,5
75,87,10
75,82,10
75,83,10
75,84,10
75,79,10
75,48,5
75,23,5
76,10,5
76,86,5
76,54,5
76,80,5
76,6,5
76,2,5
76,96,10
76,75,5
76,83,10
76,73,5
76,60,5
76,84,10
76,37,5
76,79,5
76,26,5
76,48,5
76,25,5
76,3,5
76,36,5
76,0,5
76,23,5
77,25,5
77,95,10
77,7,5
78,77,5
78,81,10
78,84,10
78,86,10
78,83,5
78,75,5
78,31,5
78,57,5
78,66,5
78,0,5
78,48,5
78,10,5
78,23,5
78,79,10
78,2,5
78,16,5
78,6,5
78,3,5
79,1,5
79,54,5
79,30,5
79,0,5
79,92,10
79,4,5
79,96,10
79,48,5
79,95,5
79,93,5
79,91,10
79,89,5
79,88,10
79,44,5
79,81,5
79,85,10
79,83,10
79,86,10
79,84,10
79,82,10
79,80,10
79,33,5
79,3,5
79,2,5
79,23,5
79,10,5
80,89,5
80,83,5
80,88,10
80,86,10
80,66,5
80,44,5
80,26,5
80,81,10
80,84,10
80,82,10
80,6,5
80,2,5
80,3,5
80,31,5
80,36,5
81,10,5
81,66,5
81,6,5
81,88,10
81,89,5
81,87,10
81,86,10
81,83,10
81,44,5
81,82,10
81,26,5
81,16,5
81,2,5
81,48,5
81,3,5
82,92,10
82,0,5
82,85,10
82,91,10
82,89,5
82,57,5
82,77,5
82,88,10
82,66,5
82,78,5
82,48,5
82,26,5
82,44,5
82,87,10
82,84,10
82,86,10
82,83,10
82,6,5
82,10,5
82,23,5
82,36,5
82,31,5
82,3,5
82,2,5
83,54,5
83,92,10
83,96,10
83,94,10
83,93,10
83,1,5
83,91,10
83,57,5
83,0,5
83,50,5
83,89,5
83,88,10
83,87,10
83,31,5
83,84,10
83,85,10
83,86,10
83,30,5
83,3,5
84,54,5
84,48,5
84,61,5
84,33,5
84,30,5
84,92,10
84,94,10
84,46,5
84,95,5
84,96,10
84,93,5
84,19,5
84,10,5
84,91,10
84,0,5
84,87,10
84,89,5
84,88,10
84,57,5
84,77,5
84,44,5
84,85,10
84,81,5
84,86,10
84,23,5
84,66,5
84,62,5
84,26,5
84,16,5
84,20,5
84,36,5
84,3,5
84,2,5
84,6,5
85,95,5
85,76,5
85,92,5
85,77,5
85,87,5
85,66,5
85,86,10
85,57,5
85,16,5
85,26,5
85,3,5
85,6,5
85,36,5
85,23,5
85,2,5
86,95,10
86,93,10
86,60,5
86,3,5
86,91,10
86,89,5
86,88,10
86,62,5
86,66,5
86,87,10
86,33,5
86,16,5
86,57,5
86,44,5
86,26,5
86,75,5
86,77,5
86,10,5
86,48,5
87,54,5
87,1,5
87,61,5
87,27,5
87,92,10
87,33,5
87,96,10
87,44,5
87,95,10
87,77,5
87,93,10
87,74,5
87,80,5
87,90,5
87,91,10
87,89,5
87,88,10
87,26,5
87,50,5
87,0,5
87,48,5
87,78,5
87,79,5
87,30,5
87,23,5
87,10,5
87,31,5
87,6,5
87,2,5
87,3,5
87,20,5
88,91,10
88,96,10
88,1,5
88,60,5
88,25,5
88,31,5
88,54,5
88,23,5
88,36,5
88,2,5
88,30,5
88,44,5
88,89,5
88,78,5
88,20,5
88,37,5
88,66,5
88,57,5
88,16,5
88,6,5
88,3,5
90,93,10
90,48,5
90,66,5
90,36,5
90,3,5
90,6,5
90,2,5
90,31,5
91,1,5
91,92,10
91,93,5
91,69,5
91,26,5
91,89,5
91,44,5
91,77,5
91,57,5
91,75,5
91,74,5
91,0,5
91,81,5
91,23,5
91,3,5
91,10,5
91,2,5
91,6,5
91,36,5
91,31,5
92,26,5
92,95,5
92,80,5
92,77,5
92,74,5
92,75,5
93,26,5
93,75,5
93,2,5
93,23,5
94,1,5
94,54,5
94,64,5
94,36,5
94,26,5
94,48,5
94,31,5
94,25,5
94,6,5
94,23,5
94,3,5
94,2,5
94,0,5
94,30,5
95,60,5
95,83,5
95,91,5
95,93,5
95,89,5
95,69,5
95,31,5
95,6,5
95,25,5
96,54,5
96,82,5
96,62,5
96,81,5
96,91,5
96,80,5
96,70,5
96,51,5
96,44,5
96,57,5
96,77,5
96,95,5
96,93,5
96,3,5
96,48,5
96,2,5
96,33,5
96,5,5
96,86,5
96,23,5
97,8,5
97,12,5
12,4,1
32,4,1
4,51,1
12,32,1
12,37,1
12,42,1
12,51,1
32,37,1
32,42,1
37,42,1
42,51,1
15,37,1
12,41,1
16,37,1
16,41,1
37,41,1
14,16,1
12,15,1
15,32,1
16,8,1
37,8,1
12,16,1
12,8,1
6,97,1
31,97,1
66,97,1
10,55,1
55,73,1
55,87,1
4,8,1
17,4,1
39,4,1
4,73,1
4,78,1
4,82,1
4,84,1
4,87,1
17,8,1
39,8,1
73,8,1
78,8,1
8,82,1
8,84,1
8,87,1
17,39,1
17,73,1
17,78,1
17,82,1
17,84,1
17,87,1
39,73,1
39,78,1
39,82,1
39,84,1
39,87,1
16,39,1
15,70,1
34,4,1
4,97,1
34,97,1
16,17,1
16,31,1
16,42,1
16,49,1
16,79,1
16,82,1
17,31,1
17,42,1
17,49,1
17,72,1
17,79,1
31,39,1
31,42,1
31,49,1
31,72,1
31,79,1
31,84,1
39,42,1
39,49,1
39,72,1
39,79,1
42,49,1
42,72,1
42,73,1
42,78,1
42,79,1
42,82,1
42,84,1
49,72,1
49,73,1
49,78,1
49,79,1
49,82,1
49,84,1
17,67,1
17,68,1
17,96,1
31,67,1
31,68,1
31,96,1
39,67,1
39,68,1
39,96,1
42,67,1
42,68,1
42,96,1
67,68,1
67,73,1
67,78,1
67,79,1
67,82,1
78,96,1
13,4,1
15,4,1
21,4,1
28,4,1
4,72,1
10,12,1
10,13,1
10,15,1
10,21,1
10,28,1
10,32,1
10,72,1
12,13,1
12,21,1
12,28,1
12,31,1
12,72,1
12,79,1
12,82,1
13,21,1
13,28,1
13,31,1
13,32,1
13,42,1
13,72,1
13,79,1
13,82,1
15,21,1
15,31,1
15,42,1
15,72,1
15,79,1
15,82,1
21,28,1
21,31,1
21,32,1
21,42,1
21,72,1
21,79,1
21,82,1
28,31,1
28,32,1
28,42,1
28,72,1
28,79,1
28,82,1
31,32,1
32,72,1
32,79,1
32,82,1
16,22,1
16,32,1
22,32,1
5,7,1
5,8,1
12,5,1
13,5,1
15,5,1
17,5,1
18,5,1
38,5,1
39,5,1
42,5,1
47,5,1
49,5,1
5,56,1
5,61,1
5,94,1
6,8,1
12,6,1
13,6,1
15,6,1
16,6,1
17,6,1
18,6,1
38,6,1
39,6,1
49,6,1
56,6,1
6,68,1
6,79,1
6,92,1
7,8,1
12,7,1
13,7,1
15,7,1
16,7,1
17,7,1
18,7,1
37,7,1
38,7,1
39,7,1
42,7,1
47,7,1
49,7,1
56,7,1
61,7,1
62,7,1
68,7,1
7,71,1
7,72,1
7,73,1
7,78,1
7,79,1
7,82,1
7,84,1
7,87,1
7,88,1
7,91,1
7,92,1
7,94,1
15,8,1
18,8,1
38,8,1
42,8,1
47,8,1
49,8,1
56,8,1
61,8,1
62,8,1
68,8,1
71,8,1
72,8,1
79,8,1
8,88,1
8,91,1
8,92,1
8,94,1
12,17,1
12,18,1
12,38,1
12,39,1
12,47,1
12,49,1
12,56,1
12,61,1
12,62,1
12,68,1
12,71,1
12,73,1
12,78,1
12,84,1
12,87,1
12,88,1
12,91,1
12,92,1
12,94,1
13,16,1
13,17,1
13,18,1
13,37,1
13,38,1
13,39,1
13,47,1
13,49,1
13,56,1
13,61,1
13,62,1
13,68,1
13,71,1
13,73,1
13,78,1
13,84,1
13,87,1
13,88,1
13,91,1
13,92,1
13,94,1
15,16,1
15,17,1
15,18,1
15,38,1
15,47,1
15,49,1
15,56,1
15,61,1
15,62,1
15,68,1
15,71,1
15,73,1
15,78,1
15,84,1
15,87,1
15,88,1
15,91,1
15,92,1
15,94,1
16,18,1
16,38,1
16,47,1
16,56,1
16,61,1
16,68,1
16,71,1
16,87,1
16,91,1
16,92,1
16,94,1
17,18,1
17,37,1
17,38,1
17,47,1
17,56,1
17,61,1
17,62,1
17,71,1
17,88,1
17,91,1
17,92,1
17,94,1
18,37,1
18,38,1
18,39,1
18,42,1
18,47,1
18,49,1
18,56,1
18,61,1
18,62,1
18,68,1
18,71,1
18,72,1
18,73,1
18,78,1
18,79,1
18,82,1
18,84,1
18,87,1
18,88,1
18,91,1
18,92,1
18,94,1
37,38,1
37,39,1
37,47,1
37,49,1
37,56,1
37,61,1
37,62,1
37,68,1
37,71,1
37,73,1
37,78,1
37,79,1
37,82,1
37,84,1
37,87,1
37,91,1
37,92,1
37,94,1
38,39,1
38,42,1
38,47,1
38,56,1
38,61,1
38,62,1
38,68,1
38,71,1
38,72,1
38,73,1
38,78,1
38,79,1
38,82,1
38,84,1
38,87,1
38,88,1
38,91,1
38,92,1
38,94,1
39,47,1
39,56,1
39,61,1
39,62,1
39,71,1
39,88,1
39,91,1
39,92,1
39,94,1
42,47,1
42,56,1
42,61,1
42,62,1
42,71,1
42,87,1
42,88,1
42,91,1
42,92,1
42,94,1
47,49,1
47,56,1
47,62,1
47,68,1
47,71,1
47,73,1
47,78,1
47,79,1
47,82,1
47,84,1
47,87,1
47,88,1
47,91,1
47,92,1
49,56,1
49,61,1
49,62,1
49,68,1
49,71,1
49,87,1
49,88,1
49,91,1
49,92,1
49,94,1
56,61,1
56,62,1
56,68,1
56,71,1
56,72,1
56,73,1
56,78,1
56,79,1
56,82,1
56,84,1
56,87,1
56,88,1
56,91,1
56,92,1
56,94,1
61,62,1
61,71,1
61,73,1
61,78,1
61,79,1
61,88,1
61,91,1
61,92,1
62,68,1
62,71,1
62,78,1
62,79,1
62,82,1
62,87,1
62,88,1
62,91,1
62,92,1
62,94,1
68,71,1
68,94,1
71,78,1
71,91,1
71,92,1
71,94,1
78,91,1
78,92,1
78,94,1
79,94,1
82,94,1
87,94,1
88,92,1
88,94,1
91,94,1
92,94,1
51,71,1
16,34,1
34,61,1
14,15,1
10,66,1
4,9,1
31,8,1
37,9,1
73,9,1
27,31,1
27,37,1
27,73,1
16,4,1
16,3,1
10,16,1
4,6,1
33,4,1
27,6,1
33,6,1
34,6,1
10,8,1
33,8,1
10,27,1
10,33,1
10,34,1
27,33,1
27,34,1
27,42,1
31,34,1
33,34,1
33,37,1
33,42,1
34,37,1
34,42,1
21,8,1
21,33,1
21,61,1
21,73,1
33,61,1
32,7,1
41,7,1
32,8,1
41,8,1
15,41,1
32,41,1
44,8,1
27,44,1
6,83,1
8,83,1
12,25,1
12,27,1
15,25,1
15,27,1
25,27,1
4,80,1
4,93,1
4,94,1
12,80,1
12,93,1
15,80,1
15,93,1
16,80,1
16,93,1
39,80,1
39,93,1
42,80,1
42,93,1
73,93,1
78,80,1
78,93,1
80,93,1
80,94,1
93,94,1
46,6,1
6,67,1
6,75,1
23,8,1
46,8,1
67,8,1
75,8,1
23,83,1
46,67,1
46,73,1
67,94,1
65,8,1
0,14,1
76,8,1
31,76,1
4,5,1
4,49,1
4,92,1
51,55,1
51,73,1
51,78,1
55,78,1
16,33,1
32,68,1
4,76,1
33,76,1
34,76,1
4,7,1
4,60,1
4,75,1
4,83,1
6,60,1
60,7,1
7,75,1
7,83,1
7,97,1
60,8,1
47,60,1
47,97,1
60,75,1
60,94,1
60,97,1
61,97,1
72,97,1
75,97,1
83,97,1
94,97,1
40,8,1
40,42,1
16,83,1
17,41,1
39,41,1
4,71,1
10,39,1
10,49,1
10,71,1
32,39,1
32,49,1
32,71,1
32,73,1
32,78,1
32,84,1
4,90,1
4,91,1
4,96,1
6,96,1
42,90,1
72,90,1
73,90,1
90,91,1
90,96,1
21,83,1
42,97,1
28,7,1
12,63,1
14,63,1
14,72,1
14,82,1
15,63,1
16,63,1
63,72,1
63,82,1
19,4,1
25,4,1
4,52,1
4,56,1
4,58,1
4,59,1
4,62,1
4,67,1
4,68,1
4,69,1
4,70,1
4,81,1
4,85,1
4,88,1
21,6,1
41,6,1
52,6,1
6,70,1
10,7,1
19,7,1
21,7,1
25,7,1
27,7,1
30,7,1
31,7,1
33,7,1
46,7,1
52,7,1
58,7,1
59,7,1
67,7,1
69,7,1
7,70,1
7,76,1
7,80,1
7,81,1
7,85,1
7,96,1
19,8,1
25,8,1
30,8,1
52,8,1
58,8,1
59,8,1
69,8,1
70,8,1
8,80,1
8,81,1
8,85,1
8,96,1
10,38,1
10,47,1
10,52,1
10,56,1
10,59,1
10,62,1
10,67,1
10,68,1
10,69,1
10,70,1
10,75,1
10,80,1
10,85,1
10,88,1
10,94,1
10,96,1
19,21,1
19,25,1
19,27,1
19,30,1
19,33,1
19,37,1
19,38,1
19,42,1
19,46,1
19,47,1
19,52,1
19,56,1
19,58,1
19,59,1
19,61,1
19,62,1
19,67,1
19,68,1
19,69,1
19,70,1
19,71,1
19,72,1
19,75,1
19,76,1
19,78,1
19,79,1
19,80,1
19,81,1
19,85,1
19,87,1
19,88,1
19,91,1
19,94,1
19,96,1
21,25,1
21,30,1
21,37,1
21,38,1
21,41,1
21,46,1
21,47,1
21,52,1
21,56,1
21,58,1
21,59,1
21,62,1
21,67,1
21,68,1
21,69,1
21,70,1
21,71,1
21,75,1
21,76,1
21,78,1
21,80,1
21,81,1
21,84,1
21,85,1
21,87,1
21,88,1
21,91,1
21,94,1
21,96,1
25,33,1
25,38,1
25,41,1
25,42,1
25,46,1
25,52,1
25,56,1
25,58,1
25,59,1
25,61,1
25,62,1
25,67,1
25,68,1
25,70,1
25,71,1
25,72,1
25,75,1
25,78,1
25,79,1
25,80,1
25,81,1
25,84,1
25,85,1
25,87,1
25,91,1
25,96,1
27,38,1
27,41,1
27,46,1
27,47,1
27,52,1
27,58,1
27,59,1
27,61,1
27,62,1
27,67,1
27,68,1
27,69,1
27,70,1
27,71,1
27,72,1
27,75,1
27,76,1
27,78,1
27,79,1
27,80,1
27,81,1
27,84,1
27,85,1
27,88,1
27,91,1
27,94,1
27,96,1
30,37,1
30,38,1
30,41,1
30,46,1
30,52,1
30,56,1
30,58,1
30,59,1
30,62,1
30,70,1
30,71,1
30,75,1
30,76,1
30,78,1
30,80,1
30,81,1
30,85,1
30,91,1
30,96,1
31,38,1
31,46,1
31,52,1
31,56,1
31,58,1
31,62,1
31,69,1
31,70,1
31,71,1
31,75,1
31,81,1
31,85,1
33,38,1
33,41,1
33,46,1
33,47,1
33,52,1
33,56,1
33,59,1
33,62,1
33,67,1
33,69,1
33,70,1
33,71,1
33,75,1
33,78,1
33,80,1
33,81,1
33,85,1
33,88,1
33,91,1
33,94,1
37,46,1
37,52,1
37,58,1
37,59,1
37,67,1
37,69,1
37,70,1
37,75,1
37,80,1
37,81,1
37,85,1
37,96,1
38,41,1
38,46,1
38,52,1
38,58,1
38,59,1
38,67,1
38,69,1
38,70,1
38,75,1
38,76,1
38,80,1
38,81,1
38,85,1
38,96,1
41,46,1
41,47,1
41,52,1
41,56,1
41,58,1
41,59,1
41,61,1
41,62,1
41,67,1
41,68,1
41,69,1
41,70,1
41,71,1
41,72,1
41,73,1
41,75,1
41,76,1
41,78,1
41,79,1
41,80,1
41,81,1
41,84,1
41,85,1
41,87,1
41,88,1
41,91,1
41,94,1
41,96,1
42,46,1
42,52,1
42,58,1
42,59,1
42,69,1
42,70,1
42,75,1
42,76,1
42,81,1
42,85,1
46,52,1
46,56,1
46,58,1
46,59,1
46,62,1
46,69,1
46,70,1
46,71,1
46,76,1
46,78,1
46,79,1
46,80,1
46,81,1
46,85,1
46,87,1
46,88,1
46,91,1
47,52,1
47,58,1
47,59,1
47,67,1
47,69,1
47,70,1
47,76,1
47,80,1
47,81,1
47,85,1
52,56,1
52,58,1
52,59,1
52,61,1
52,62,1
52,67,1
52,68,1
52,69,1
52,70,1
52,71,1
52,72,1
52,73,1
52,75,1
52,76,1
52,78,1
52,79,1
52,80,1
52,81,1
52,84,1
52,85,1
52,87,1
52,88,1
52,91,1
52,94,1
52,96,1
56,58,1
56,59,1
56,67,1
56,69,1
56,70,1
56,75,1
56,76,1
56,80,1
56,81,1
56,85,1
56,96,1
58,61,1
58,67,1
58,76,1
58,94,1
59,61,1
59,62,1
59,67,1
59,69,1
59,70,1
59,71,1
59,79,1
59,80,1
59,81,1
59,85,1
59,87,1
59,91,1
59,94,1
59,96,1
61,69,1
61,70,1
61,76,1
61,80,1
61,81,1
61,85,1
62,67,1
62,69,1
62,70,1
62,75,1
62,76,1
62,80,1
62,81,1
62,85,1
67,69,1
67,70,1
67,71,1
67,76,1
67,80,1
67,81,1
67,85,1
67,87,1
67,88,1
67,91,1
69,71,1
69,75,1
69,76,1
69,78,1
69,85,1
69,88,1
69,94,1
69,96,1
70,71,1
70,76,1
70,85,1
70,91,1
70,94,1
71,76,1
71,80,1
71,85,1
75,80,1
75,81,1
75,85,1
76,78,1
76,81,1
76,87,1
76,88,1
76,91,1
76,94,1
78,85,1
80,85,1
80,91,1
81,85,1
81,94,1
85,88,1
85,91,1
85,94,1
85,96,1
94,96,1
14,37,1
50,8,1
16,50,1
37,50,1
2,5,1
2,27,1
2,34,1
2,54,1
2,83,1
4,54,1
10,5,1
21,5,1
27,5,1
31,5,1
33,5,1
34,5,1
5,54,1
5,76,1
54,6,1
34,7,1
54,7,1
10,83,1
16,21,1
16,27,1
21,34,1
21,54,1
27,54,1
27,83,1
33,83,1
34,47,1
34,54,1
34,72,1
34,79,1
34,83,1
34,94,1
37,54,1
37,83,1
23,60,1
42,60,1
42,83,1
60,73,1
14,4,1
14,7,1
14,17,1
14,38,1
14,39,1
14,42,1
23,80,1
15,66,1
61,63,1
63,68,1
18,32,1
10,97,1
33,97,1
71,97,1
81,97,1
84,97,1
96,97,1
12,40,1
10,90,1
21,90,1
21,97,1
33,82,1
33,90,1
52,82,1
52,90,1
52,97,1
61,90,1
62,90,1
62,97,1
73,97,1
76,82,1
76,90,1
76,97,1
79,90,1
79,97,1
81,90,1
82,90,1
82,97,1
90,97,1
20,4,1
20,42,1
20,59,1
20,67,1
20,72,1
20,81,1
20,91,1
20,96,1
14,73,1
14,61,1
10,60,1
27,60,1
27,82,1
30,60,1
30,82,1
31,60,1
33,60,1
34,60,1
34,62,1
34,82,1
34,84,1
34,87,1
37,60,1
60,82,1
60,84,1
60,87,1
14,22,1
14,6,1
32,6,1
10,14,1
14,32,1
14,52,1
15,52,1
60,79,1
28,6,1
14,18,1
14,28,1
14,31,1
14,36,1
14,47,1
14,68,1
15,36,1
16,28,1
16,36,1
18,28,1
18,31,1
18,36,1
28,36,1
28,47,1
28,68,1
32,36,1
32,47,1
36,68,1
46,55,1
55,61,1
55,67,1
55,76,1
55,96,1
25,66,1
15,97,1
80,90,1
48,8,1
48,60,1
15,55,1
14,71,1
14,94,1
50,52,1
14,92,1
2,23,1
12,33,1
12,58,1
12,59,1
30,39,1
1,45,1
1,96,1
45,68,1
45,96,1
4,48,1
66,8,1
48,6,1
16,48,1
34,48,1
34,91,1
48,83,1
48,91,1
10,74,1
16,25,1
25,74,1
37,74,1
74,76,1
50,94,1
87,97,1
5,67,1
10,29,1
29,35,1
3,60,1
1,31,1
2,35,1
2,71,1
35,4,1
35,6,1
35,8,1
8,90,1
16,35,1
16,52,1
16,90,1
16,96,1
21,35,1
25,34,1
25,35,1
25,54,1
25,82,1
25,90,1
34,35,1
34,52,1
34,71,1
34,73,1
34,78,1
34,80,1
34,85,1
34,88,1
34,90,1
34,96,1
35,52,1
35,54,1
35,62,1
35,71,1
35,72,1
35,73,1
35,76,1
35,78,1
35,79,1
35,80,1
35,82,1
35,85,1
35,87,1
35,88,1
35,90,1
35,91,1
35,96,1
52,54,1
54,62,1
54,71,1
54,73,1
54,78,1
54,80,1
54,82,1
54,85,1
54,90,1
54,91,1
71,90,1
78,90,1
85,90,1
88,90,1
34,75,1
60,96,1
14,79,1
4,66,1
66,68,1
16,67,1
88,97,1
39,48,1
48,50,1
12,9,1
14,9,1
32,61,1
33,65,1
61,65,1
65,83,1
65,88,1
14,40,1
16,46,1
9,97,1
50,84,1
21,66,1
14,97,1
10,9,1
29,4,1
29,8,1
29,31,1
29,33,1
29,48,1
29,61,1
2,75,1
17,32,1
41,66,1
41,97,1
5,51,1
66,76,1
66,83,1
46,82,1
59,82,1
13,14,1
16,75,1
34,67,1
34,68,1
32,5,1
5,50,1
5,52,1
32,67,1
32,76,1
32,96,1
49,50,1
49,51,1
49,52,1
49,67,1
49,76,1
49,96,1
50,51,1
50,67,1
50,72,1
50,73,1
50,76,1
50,96,1
51,52,1
51,67,1
51,72,1
51,76,1
51,84,1
51,8,1
14,51,1
14,84,1
14,87,1
32,87,1
51,87,1
0,12,1
58,9,1
66,9,1
77,9,1
27,66,1
27,77,1
31,77,1
58,97,1
77,97,1
69,83,1
14,27,1
14,41,1
49,58,1
50,58,1
50,78,1
4,65,1
46,5,1
5,65,1
34,46,1
34,65,1
34,69,1
46,60,1
46,65,1
60,65,1
60,68,1
60,69,1
65,68,1
65,72,1
65,73,1
65,79,1
65,84,1
65,87,1
65,94,1
55,6,1
55,8,1
16,55,1
55,79,1
55,83,1
55,84,1
55,91,1
55,94,1
12,30,1
14,30,1
0,22,1
14,60,1
3,48,1
14,45,1
5,9,1
5,55,1
5,97,1
55,9,1
87,9,1
31,55,1
34,55,1
34,58,1
55,58,1
55,97,1
3,97,1
21,60,1
16,29,1
29,68,1
29,83,1
29,94,1
16,45,1
45,69,1
4,55,1
4,86,1
6,86,1
27,86,1
31,86,1
33,55,1
38,55,1
38,83,1
38,86,1
55,59,1
55,68,1
55,82,1
55,86,1
67,86,1
20,8,1
20,75,1
55,75,1
18,4,1
4,40,1
40,5,1
41,5,1
40,6,1
10,17,1
10,18,1
10,40,1
17,21,1
17,40,1
18,21,1
18,40,1
21,40,1
31,40,1
37,40,1
40,41,1
0,51,1
50,79,1
13,45,1
3,35,1
51,7,1
47,51,1
51,94,1
19,83,1
15,33,1
15,60,1
15,83,1
15,96,1
33,39,1
39,60,1
39,83,1
37,97,1
2,55,1
52,55,1
23,30,1
3,8,1
12,67,1
12,76,1
14,67,1
14,76,1
15,67,1
15,76,1
63,67,1
63,76,1
2,60,1
60,81,1
2,39,1
55,7,1
21,49,1
33,49,1
37,55,1
42,55,1
46,49,1
49,55,1
55,62,1
55,72,1
11,20,1
17,33,1
67,90,1
25,5,1
26,7,1
7,95,1
10,95,1
16,95,1
26,42,1
26,78,1
26,79,1
37,95,1
42,95,1
61,95,1
76,95,1
78,95,1
80,95,1
82,95,1
19,55,1
4,74,1
21,74,1
31,74,1
42,74,1
52,74,1
67,74,1
74,90,1
74,94,1
74,96,1
84,90,1
90,94,1
45,5,1
74,9,1
66,74,1
16,58,1
5,93,1
45,6,1
45,49,1
20,48,1
20,56,1
48,55,1
48,56,1
48,73,1
55,56,1
29,5,1
29,6,1
6,93,1
74,8,1
8,93,1
10,93,1
27,29,1
27,74,1
27,93,1
29,34,1
29,46,1
29,47,1
29,52,1
29,58,1
29,59,1
29,67,1
29,72,1
29,73,1
29,74,1
29,75,1
29,76,1
29,78,1
29,79,1
29,81,1
29,82,1
29,84,1
29,85,1
29,87,1
29,88,1
29,91,1
29,93,1
29,96,1
31,93,1
33,74,1
33,93,1
34,56,1
34,59,1
34,74,1
34,81,1
34,93,1
46,54,1
46,74,1
46,93,1
47,74,1
47,93,1
52,83,1
52,93,1
54,58,1
54,67,1
54,74,1
54,75,1
54,81,1
54,93,1
56,74,1
56,83,1
56,93,1
59,93,1
61,74,1
61,93,1
67,93,1
76,93,1
81,93,1
82,93,1
85,93,1
88,93,1
55,88,1
41,77,1
7,90,1
55,69,1
13,50,1
15,22,1
20,34,1
3,37,1
54,60,1
14,5,1
28,5,1
18,23,1
6,9,1
21,9,1
33,9,1
61,9,1
2,97,1
45,62,1
56,60,1
14,83,1
21,39,1
15,58,1
25,86,1
35,61,1
35,67,1
35,83,1
35,94,1
11,7,1
11,17,1
45,50,1
45,52,1
45,51,1
45,58,1
51,58,1
15,50,1
50,68,1
20,21,1
22,45,1
21,26,1
66,7,1
25,83,1
14,90,1
29,62,1
35,84,1
3,49,1
30,49,1
47,48,1
48,59,1
48,68,1
49,59,1
49,83,1
65,67,1
21,86,1
21,93,1
42,86,1
46,86,1
48,88,1
15,45,1
27,48,1
56,86,1
86,94,1
27,35,1
27,49,1
35,49,1
25,55,1
4,50,1
33,35,1
35,68,1
29,7,1
21,29,1
29,71,1
29,80,1
46,48,1
48,80,1
14,49,1
14,96,1
12,90,1
13,90,1
45,76,1
45,83,1
45,84,1
12,34,1
32,83,1
32,94,1
0,18,1
1,18,1
1,39,1
18,50,1
0,10,1
0,72,1
1,16,1
1,76,1
10,50,1
42,9,1
62,9,1
9,94,1
30,32,1
35,55,1
0,5,1
0,45,1
17,83,1
19,90,1
47,90,1
0,15,1
0,28,1
8,86,1
20,83,1
20,86,1
47,55,1
47,86,1
26,4,1
26,33,1
26,35,1
26,88,1
26,96,1
35,37,1
35,42,1
35,81,1
17,3,1
10,92,1
66,92,1
48,97,1
50,71,1
14,55,1
58,60,1
60,77,1
77,81,1
48,5,1
14,48,1
14,88,1
15,48,1
32,48,1
32,88,1
20,62,1
20,82,1
74,80,1
6,77,1
14,58,1
14,77,1
21,65,1
42,65,1
2,30,1
65,66,1
66,69,1
32,45,1
63,96,1
66,91,1
20,35,1
6,65,1
65,7,1
21,95,1
37,65,1
66,87,1
66,95,1
35,66,1
72,9,1
20,7,1
20,25,1
20,27,1
20,33,1
20,47,1
20,78,1
20,79,1
20,80,1
20,94,1
48,67,1
32,33,1
25,28,1
26,60,1
46,95,1
58,65,1
36,48,1
14,91,1
60,67,1
30,63,1
51,79,1
60,80,1
60,71,1
15,30,1
14,66,1
49,80,1
45,73,1
50,82,1
56,97,1
3,39,1
12,60,1
10,77,1
26,36,1
36,77,1
47,77,1
45,67,1
14,21,1
36,5,1
36,74,1
14,34,1
29,38,1
29,55,1
34,49,1
36,37,1
2,56,1
60,85,1
61,66,1
17,59,1
5,63,1
32,63,1
32,93,1
63,87,1
63,93,1
45,80,1
28,8,1
28,9,1
27,28,1
50,61,1
25,97,1
20,3,1
3,56,1
3,75,1
32,74,1
50,74,1
60,9,1
30,97,1
32,58,1
15,3,1
14,78,1
1,4,1
3,34,1
52,63,1
63,91,1
45,56,1
35,97,1
39,52,1
17,25,1
19,82,1
37,77,1
10,22,1
18,66,1
18,76,1
22,31,1
22,42,1
22,66,1
22,76,1
36,66,1
53,55,1
16,9,1
63,69,1
0,8,1
12,66,1
23,34,1
13,41,1
23,54,1
20,9,1
51,68,1
42,54,1
49,60,1
65,76,1
3,66,1
20,66,1
20,69,1
30,66,1
33,66,1
66,67,1
23,66,1
25,60,1
0,96,1
1,5,1
1,84,1
32,91,1
50,91,1
13,51,1
51,88,1
17,30,1
27,92,1
92,97,1
12,83,1
51,6,1
30,51,1
14,75,1
77,8,1
42,77,1
14,3,1
3,32,1
3,43,1
43,7,1
50,7,1
43,8,1
14,43,1
16,43,1
32,43,1
43,50,1
43,73,1
43,84,1
29,30,1
16,20,1
20,37,1
36,4,1
30,36,1
36,87,1
62,65,1
62,95,1
65,81,1
81,95,1
88,95,1
12,50,1
35,36,1
44,6,1
21,44,1
44,83,1
28,50,1
28,51,1
29,69,1
30,5,1
32,75,1
7,86,1
31,92,1
33,92,1
55,81,1
55,92,1
59,92,1
76,92,1
81,92,1
86,92,1
92,96,1
29,65,1
30,65,1
48,65,1
54,65,1
56,65,1
29,90,1
38,90,1
55,80,1
55,90,1
58,90,1
68,90,1
23,56,1
20,68,1
20,76,1
59,97,1
39,51,1
48,62,1
54,69,1
34,86,1
56,90,1
39,58,1
41,92,1
31,44,1
28,56,1
21,36,1
49,81,1
49,86,1
60,91,1
20,45,1
17,20,1
23,35,1
35,75,1
14,33,1
70,77,1
36,8,1
3,36,1
36,83,1
36,96,1
41,9,1
14,20,1
38,48,1
48,85,1
18,48,1
18,67,1
18,96,1
36,67,1
67,92,1
4,44,1
16,44,1
32,44,1
37,44,1
59,66,1
52,86,1
67,97,1
70,95,1
36,38,1
48,58,1
30,50,1
32,38,1
38,50,1
1,33,1
33,50,1
1,47,1
47,50,1
1,3,1
23,3,1
34,39,1
5,90,1
57,87,1
70,92,1
11,5,1
5,53,1
11,29,1
11,38,1
11,46,1
11,47,1
11,49,1
11,52,1
11,53,1
11,56,1
11,58,1
11,59,1
11,61,1
11,63,1
11,65,1
11,68,1
11,69,1
11,70,1
11,72,1
11,73,1
11,74,1
11,75,1
11,76,1
11,78,1
11,79,1
11,80,1
11,81,1
11,82,1
11,83,1
11,84,1
11,85,1
11,86,1
11,87,1
11,88,1
11,90,1
11,91,1
11,92,1
11,93,1
11,94,1
11,95,1
11,96,1
11,97,1
29,49,1
29,63,1
29,70,1
29,86,1
29,92,1
29,95,1
29,97,1
38,53,1
38,63,1
38,65,1
38,74,1
38,93,1
38,95,1
38,97,1
46,53,1
46,63,1
46,90,1
46,92,1
46,97,1
47,53,1
47,63,1
47,65,1
47,95,1
49,53,1
49,63,1
49,65,1
49,69,1
49,70,1
49,74,1
49,75,1
49,85,1
49,90,1
49,93,1
49,95,1
49,97,1
52,53,1
52,65,1
52,92,1
52,95,1
53,58,1
53,59,1
53,61,1
53,63,1
53,65,1
53,68,1
53,69,1
53,70,1
53,72,1
53,73,1
53,74,1
53,75,1
53,76,1
53,78,1
53,79,1
53,80,1
53,81,1
53,82,1
53,83,1
53,84,1
53,85,1
53,86,1
53,87,1
53,88,1
53,90,1
53,91,1
53,92,1
53,93,1
53,94,1
53,95,1
53,96,1
53,97,1
56,63,1
56,95,1
58,63,1
59,63,1
59,90,1
63,65,1
63,70,1
63,73,1
63,74,1
63,75,1
63,78,1
63,79,1
63,80,1
63,81,1
63,83,1
63,84,1
63,85,1
63,86,1
63,88,1
63,90,1
63,92,1
63,94,1
63,95,1
63,97,1
65,70,1
65,75,1
65,78,1
65,80,1
65,82,1
65,85,1
65,90,1
65,91,1
65,92,1
65,96,1
65,97,1
69,97,1
70,90,1
70,93,1
70,97,1
74,97,1
75,90,1
75,95,1
78,97,1
80,97,1
83,90,1
85,97,1
86,90,1
86,97,1
90,92,1
90,95,1
91,97,1
92,93,1
93,97,1
94,95,1
95,97,1
32,56,1
50,56,1
14,56,1
17,54,1
23,97,1
44,61,1
44,75,1
44,94,1
57,59,1
57,60,1
57,68,1
57,71,1
57,79,1
60,74,1
65,71,1
71,95,1
